,money,hour_of_day,day_of_week,day_of_month
money,1.0,0.20274793514276115,-0.016326155370515957,-0.021905030121383756
hour_of_day,0.20274793514276115,1.0,-0.0018314693572229757,0.016413995568610455
day_of_week,-0.016326155370515957,-0.0018314693572229757,1.0,-0.03246686243725715
day_of_month,-0.021905030121383756,0.016413995568610455,-0.03246686243725715,1.0
