,hour_of_day,money,Weekdaysort,Monthsort
hour_of_day,1.0,0.20274793514276118,-0.002613958842374278,0.008292999013961046
money,0.20274793514276118,1.0,-0.017264090689989027,-0.050043190985699995
Weekdaysort,-0.002613958842374278,-0.017264090689989027,1.0,0.04414093043700222
Monthsort,0.008292999013961046,-0.050043190985699995,0.04414093043700222,1.0
